global_step,mean,std,num_seeds
100,-3359.749172668806,0.0,1
200,-3432.5114566213083,0.0,1
