global_step,mean,std,num_seeds
100,-3434.85875870996,0.0,1
200,-3332.2353387067715,0.0,1
