global_step,mean,std,num_seeds
30,-3219.2855268358608,0.0,1
60,-3424.7428063770453,0.0,1
