global_step,mean,std,num_seeds
30,-3528.122642543504,0.0,1
60,-3390.4211090899444,0.0,1
