global_step,mean,std,num_seeds
100,-3340.0740812725253,0.0,1
200,-3366.777427300645,0.0,1
