global_step,mean,std,num_seeds
100,-3434.85875870996,0.0,1
200,-4304.465288178031,0.0,1
