global_step,mean,std,num_seeds
100,-3455.7282674791345,0.0,1
200,-2349.3169439751537,0.0,1
