global_step,mean,std,num_seeds
30,-972.5174787960212,0.0,1
60,-1159.617440411715,0.0,1
