global_step,mean,std,num_seeds
30,-1573.4219289156315,0.0,1
60,-1171.5898809341695,0.0,1
